{"AL": 0.041313139534883705, "AK": 0.08187684887459806, "AZ": 0.009641546885694706, "AR": -0.019397379912663784, "CA": -0.014500690075747941, "CO": 0.004345052515201892, "CT": -0.012303806071590394, "DE": -0.06865674603174605, "FL": 0.011541174702416671, "GA": 0.01658533106960949, "HI": 0.006573087818696897, "ID": -0.02065608552631578, "IL": -0.03277144754316045, "IN": 0.08471195372750617, "IA": -0.05136613636363653, "KS": 0.039690222222222245, "KY": 0.021755795148247988, "LA": 0.06672844588344123, "ME": 0.008901256281407026, "MD": -0.04095294267515895, "MA": -0.03165506680369978, "MI": -0.05143249592169618, "MN": -0.002502526084568925, "MS": 0.023006639004149402, "MO": -0.04007942622950819, "MT": -0.05088936170212764, "NE": 0.0499017766497462, "NV": 0.014268634840871005, "NH": -0.026616252723311626, "NJ": -0.008541090188305367, "NM": 0.03966155378486057, "NY": -0.03889969406931555, "NC": 0.006368462664714487, "ND": -0.06297329192546583, "OH": -0.010488039266339557, "OK": -0.0383708382526565, "OR": -0.03416690647482035, "PA": -0.07100507701083893, "RI": 0.011075641025641026, "SC": -0.05056401074306196, "SD": 0.08646721177432538, "TN": 0.03193829623944739, "TX": -0.014147862470438205, "UT": -0.005000229182582133, "VT": -0.13022535675082342, "VA": -0.027969264764965873, "WA": -0.035514911167512396, "WV": 0.01024833333333333, "WI": -0.028741013513513543, "WY": 0.014637918215613385}