{"AL": 0.06734840546697042, "AK": 0.02158484848484846, "AZ": 0.07013921274038461, "AR": 0.04792451737451736, "CA": 0.10326182212581264, "CO": 0.11524119836248654, "CT": 0.06469075682382128, "DE": 0.16395118343195247, "FL": 0.0784447483095415, "GA": 0.0884110872235872, "HI": 0.04651811023622049, "ID": 0.06552326732673264, "IL": 0.09024501818181827, "IN": 0.15744104381443297, "IA": 0.08502517482517487, "KS": 0.13094887387387374, "KY": 0.06511178929765889, "LA": 0.18592293028322454, "ME": 0.12675646687697167, "MD": 0.05770051797684343, "MA": 0.0994252312435769, "MI": 0.05883425324675325, "MN": 0.0933768187422934, "MS": 0.04367142857142858, "MO": 0.07913873201917931, "MT": 0.052630868167202575, "NE": 0.07535721925133688, "NV": 0.12402781012091374, "NH": 0.04249341279799246, "NJ": 0.07832022216611972, "NM": 0.1416067264573991, "NY": 0.08995862889788148, "NC": 0.10047999345121154, "ND": 0.0963570934256055, "OH": 0.0839438930432811, "OK": 0.08499714640198508, "OR": 0.07932488222698081, "PA": 0.09095583934851008, "RI": 0.1014226618705036, "SC": 0.016323841059602634, "SD": 0.17205847395451243, "TN": 0.11058355704698, "TX": 0.07749243182298653, "UT": 0.04098244972577698, "VT": 0.04332478632478632, "VA": 0.10452497753818521, "WA": 0.09615514099783087, "WV": 0.06365912806539509, "WI": 0.1152899818949909, "WY": 0.05203823529411764}