{"AL": 12.072892938496585, "AK": 2.797202797202797, "AZ": 12.259615384615385, "AR": 9.652509652509654, "CA": 16.505268050821194, "CO": 18.12430219575735, "CT": 10.421836228287841, "DE": 25.443786982248522, "FL": 12.321562734785875, "GA": 14.465601965601964, "HI": 5.669291338582678, "ID": 10.396039603960396, "IL": 14.290909090909091, "IN": 23.711340206185568, "IA": 13.461538461538462, "KS": 18.13063063063063, "KY": 10.03344481605351, "LA": 29.03050108932462, "ME": 23.34384858044164, "MD": 7.6477757464960385, "MA": 15.853031860226103, "MI": 9.805194805194805, "MN": 14.98150431565968, "MS": 10.150375939849624, "MO": 11.667554608417689, "MT": 10.932475884244374, "NE": 9.893048128342246, "NV": 18.7192118226601, "NH": 6.6499372647427855, "NJ": 12.799798030800304, "NM": 22.645739910313903, "NY": 14.929778624137109, "NC": 16.50294695481336, "ND": 19.03114186851211, "OH": 12.372535690006798, "OK": 12.158808933002481, "OR": 11.862955032119913, "PA": 14.269850083287063, "RI": 14.388489208633095, "SC": 2.8973509933774833, "SD": 28.17314746881878, "TN": 20.856995353639647, "TX": 12.035797336339934, "UT": 6.39853747714808, "VT": 9.401709401709402, "VA": 17.38544474393531, "WA": 15.054229934924077, "WV": 10.354223433242508, "WI": 16.95835847917924, "WY": 8.403361344537815}