{"AL": 9.30232558139535, "AK": 14.14790996784566, "AZ": 2.943189596167009, "AR": -1.3100436681222707, "CA": -0.7446398767492618, "CO": -2.7086788280818133, "CT": -3.081105573176257, "DE": -9.126984126984127, "FL": 2.5429842491282915, "GA": 2.9541595925297113, "HI": 0.8498583569405099, "ID": 0.4934210526315789, "IL": -4.293935369632581, "IN": 13.624678663239074, "IA": -9.659090909090908, "KS": 5.0, "KY": 4.110512129380054, "LA": 14.477335800185013, "ME": 2.512562814070352, "MD": -8.254777070063694, "MA": -3.5354573484069887, "MI": -5.481239804241436, "MN": -1.7572762218561229, "MS": 7.053941908713693, "MO": -5.8196721311475414, "MT": -4.787234042553192, "NE": 4.822335025380711, "NV": 0.5025125628140704, "NH": -4.531590413943356, "NJ": -0.5153617443012883, "NM": 8.366533864541834, "NY": -5.32319391634981, "NC": 1.6398243045387995, "ND": -8.074534161490684, "OH": -1.0333247222939808, "OK": -4.4864226682408495, "OR": -6.599937441351267, "PA": -12.949229891614374, "RI": 1.282051282051282, "SC": -9.131602506714414, "SD": 15.780866721177432, "TN": 5.602455871066769, "TX": -1.6433205991146687, "UT": 0.15278838808250572, "VT": -20.417124039517017, "VA": -2.65166733627963, "WA": -4.314720812182741, "WV": -0.3333333333333333, "WI": -6.351351351351351, "WY": 3.717472118959108}